"","from","to"
"1","2e7967","dd73b6"
"2","2e7967","c7cd02"
"3","2e7967","2afba4"
"4","2e7967","4df851"
"5","2e7967","48f980"
"6","2e7967","2d3187"
"7","cd48bf","e42c72"
"8","cd48bf","7d21f1"
"9","dd73b6","874918"
"10","7ba446","f83f2e"
"11","642cb4","327734"
"12","c7cd02","337cac"
"13","5b44d7","f7fc94"
"14","5b44d7","2fabc7"
"15","2afba4","5b44d7"
"16","2afba4","c1dc98"
"17","2afba4","b16cf0"
"18","2afba4","206e37"
"19","2afba4","958de8"
"20","fc7f8f","dd73b6"
"21","963c41","acf7bb"
"22","963c41","9f5aad"
"23","f60e85","4941c6"
"24","4941c6","0b57e4"
"25","53d0b4","c7cd02"
"26","13dc78","0b6e5a"
"27","13dc78","78e5ba"
"28","13dc78","ca432a"
"29","13dc78","e45c54"
"30","9c0e59","80afad"
"31","6ddfa3","a7a903"
"32","3301f4","7ba446"
"33","3301f4","03eee3"
"34","3301f4","6d4b91"
"35","3301f4","881955"
"36","3301f4","3e93ce"
"37","3301f4","ad208a"
"38","3301f4","958de8"
"39","3301f4","7d21f1"
"40","874918","cede47"
"41","874918","82b4fc"
"42","874918","732379"
"43","874918","9199be"
"44","f46d1e","7d3df0"
"45","0b6e5a","13dc78"
"46","c190fa","48f980"
"47","337cac","c77a84"
"48","337cac","6f5824"
"49","03eee3","0b6e5a"
"50","c1dc98","76a432"
"51","c1dc98","81e071"
"52","a7a903","3b712b"
"53","d2d08f","cd48bf"
"54","030327","1e7431"
"55","030327","37aad9"
"56","6d4b91","9c0e59"
"57","76a432","44060b"
"58","76a432","905296"
"59","76a432","f951d8"
"60","76a432","b4e5d5"
"61","7fa3b1","1b55d2"
"62","f83f2e","a6fcaf"
"63","881955","642cb4"
"64","881955","2afba4"
"65","881955","f46d1e"
"66","881955","7fa3b1"
"67","e42c72","4e8dc8"
"68","4df851","4e2918"
"69","d4d75e","7be343"
"70","7be343","24876f"
"71","735807","0fffca"
"72","238842","2afba4"
"73","238842","7d21f1"
"74","3e93ce","09f4a0"
"75","f7fc94","963c41"
"76","8e02f0","38881f"
"77","8e02f0","d81c17"
"78","8e02f0","1569a5"
"79","8e02f0","064974"
"80","8e02f0","161814"
"81","8e02f0","c09e12"
"82","b16cf0","51ca98"
"83","51ca98","b08945"
"84","51ca98","f80b2e"
"85","81e071","80afad"
"86","81e071","35a9b6"
"87","81e071","6e0643"
"88","81e071","efee6b"
"89","81e071","252679"
"90","dc72e8","f59e4b"
"91","4e2918","ef7028"
"92","2fabc7","dc72e8"
"93","ad208a","8e02f0"
"94","48f980","d4d75e"
"95","24dba7","1f4d22"
"96","327734","486c07"
"97","4e8dc8","6ddfa3"
"98","206e37","24dba7"
"99","958de8","f60e85"
"100","2d3187","337cac"
"101","7d21f1","030327"
"102","7d21f1","735807"
"103","7d21f1","81e071"
